DELETE FROM worker
WHERE worker_id = 'd40109cf-967c-45d8-a0eb-f3fbbd8f8471';

INSERT INTO worker (worker_id, worker_name, worker_phone, worker_email)
VALUES ('d40109cf-967c-45d8-a0eb-f3fbbd8f8471', 'John Meyerin', '', 'patrick.meyerin@gmail.com');

DELETE FROM tech_and_skills;
INSERT INTO tech_and_skills (tech_skill_id, tech_skill_name) VALUES ('dce296b4-1109-4352-9e7c-0d0d660f5ee6', 'coldfusion');
INSERT INTO tech_and_skills (tech_skill_id, tech_skill_name) VALUES ('957a25ff-4221-41be-9c56-928b7c669dd1', 'javascript');
INSERT INTO tech_and_skills (tech_skill_id, tech_skill_name) VALUES ('01c6d128-6164-4e6c-9911-730f89b13d90', 'java');
INSERT INTO tech_and_skills (tech_skill_id, tech_skill_name) VALUES ('a9f25ab0-a792-45b9-872a-99d50e5bea3b', 'html');
INSERT INTO tech_and_skills (tech_skill_id, tech_skill_name) VALUES ('6288b77f-d578-4268-bd3d-c743420c39e0', 'c++');
INSERT INTO tech_and_skills (tech_skill_id, tech_skill_name) VALUES ('fee4e000-9ea2-4916-8b59-7b57c1376105', 'css');
INSERT INTO tech_and_skills (tech_skill_id, tech_skill_name) VALUES ('2a769e26-9f42-41c1-8ad9-560e35355b94', 'sql');
INSERT INTO tech_and_skills (tech_skill_id, tech_skill_name) VALUES ('a903f17c-9fa1-4b9e-b48a-5e75b2bbd61d', 'reactjs');
INSERT INTO tech_and_skills (tech_skill_id, tech_skill_name) VALUES ('8250a1a2-2dde-46c6-99df-606f86bfbcc5', 'node.js');
INSERT INTO tech_and_skills (tech_skill_id, tech_skill_name) VALUES ('ef5f1ba2-ae03-4c79-8945-5c35c534b133', 'angularjs');
INSERT INTO tech_and_skills (tech_skill_id, tech_skill_name) VALUES ('9556b35a-eaad-4ac5-ab35-dd48a45b773e', 'spring');
INSERT INTO tech_and_skills (tech_skill_id, tech_skill_name) VALUES ('b9543ffa-9c0c-4d70-b274-a74968ca402e', 'postgresql');
INSERT INTO tech_and_skills (tech_skill_id, tech_skill_name) VALUES ('c9a1971a-87fc-446e-9eaf-ee26c0ad6d52', 'spring-boot');
INSERT INTO tech_and_skills (tech_skill_id, tech_skill_name) VALUES ('21a325a7-50a2-4680-aa6f-12bc75daf458', 'docker');
INSERT INTO tech_and_skills (tech_skill_id, tech_skill_name) VALUES ('32c4efa3-e957-4638-9215-62fa5f14f12a', 'maven');
INSERT INTO tech_and_skills (tech_skill_id, tech_skill_name) VALUES ('5e80fd50-1a76-4bae-a413-646d1d230773', 'unit-testing');
INSERT INTO tech_and_skills (tech_skill_id, tech_skill_name) VALUES ('45107720-be25-4e77-940f-da5a99509a7b', 'web-services');
INSERT INTO tech_and_skills (tech_skill_id, tech_skill_name) VALUES ('a74f67d4-407a-4d19-9800-1234d02ed1f3', 'machine-learning');
INSERT INTO tech_and_skills (tech_skill_id, tech_skill_name) VALUES ('5c826692-f644-4676-a33b-84ef979abf0b', 'nginx');
INSERT INTO tech_and_skills (tech_skill_id, tech_skill_name) VALUES ('54e56d5b-5544-4c13-8a65-45435fa93729', 'jsp');
INSERT INTO tech_and_skills (tech_skill_id, tech_skill_name) VALUES ('85973f7d-f11b-4e03-a9f8-bcbd1127c254', 'jpa');
INSERT INTO tech_and_skills (tech_skill_id, tech_skill_name) VALUES ('f1640edc-a1d9-4490-a88f-e1052b1a46ed', 'gradle');
INSERT INTO tech_and_skills (tech_skill_id, tech_skill_name) VALUES ('cc2c7f64-9445-412a-95b0-f89d90dd882e', 'jenkins');
INSERT INTO tech_and_skills (tech_skill_id, tech_skill_name) VALUES ('8d1c5711-bcf2-4a7a-abb5-0e5faba17be6', 'npm');
INSERT INTO tech_and_skills (tech_skill_id, tech_skill_name) VALUES ('48d82447-7cdb-4abb-9b97-eec12b61adbd', 'intellij-idea');
INSERT INTO tech_and_skills (tech_skill_id, tech_skill_name) VALUES ('6c551e2c-183d-4647-bacc-7bfd5642e3ca', 'tomcat');
INSERT INTO tech_and_skills (tech_skill_id, tech_skill_name) VALUES ('0e837a6f-48ff-43a1-8afc-f102054be058', 'groovy');
INSERT INTO tech_and_skills (tech_skill_id, tech_skill_name) VALUES ('b99f5ee3-e74b-4ca2-a651-b358dea11d8c', 'grails');
INSERT INTO tech_and_skills (tech_skill_id, tech_skill_name) VALUES ('c15f124d-1ba6-4dac-8e3e-c1628b253eba', 'plsql');
INSERT INTO tech_and_skills (tech_skill_id, tech_skill_name) VALUES ('d910443f-acf9-4c6d-8675-ad734b9877f8', 'junit');
INSERT INTO tech_and_skills (tech_skill_id, tech_skill_name) VALUES ('9ffe546b-8ed5-45c7-916f-b0e748e8218b', 'oauth-2.0');
INSERT INTO tech_and_skills (tech_skill_id, tech_skill_name) VALUES ('ed93aa03-a52e-4570-bff1-f9e1f82186ab', 'rxjs');
INSERT INTO tech_and_skills (tech_skill_id, tech_skill_name) VALUES ('190f7168-5d53-4603-bb39-2b27cc4f9c22', 'jwt');
INSERT INTO tech_and_skills (tech_skill_id, tech_skill_name) VALUES ('8a4a2b40-ab0c-4d16-a771-b61392d514ee', 'jackson');
INSERT INTO tech_and_skills (tech_skill_id, tech_skill_name) VALUES ('cfbbfa52-9e3b-4049-aafb-efa19bb65873', 'ant');
INSERT INTO tech_and_skills (tech_skill_id, tech_skill_name) VALUES ('cd0fc505-4b9f-4d8b-8bf3-3e3b451af35d', 'rabbitmq');
INSERT INTO tech_and_skills (tech_skill_id, tech_skill_name) VALUES ('2971b342-0021-44cc-8027-70b752f35f16', 'mockito');
INSERT INTO tech_and_skills (tech_skill_id, tech_skill_name) VALUES ('c0a5fadc-4fc7-4e72-b6c6-4522ca822b23', 'sonarqube');
INSERT INTO tech_and_skills (tech_skill_id, tech_skill_name) VALUES ('97b0e75f-58b5-4554-9d56-273e289ffde2', 'embedded');
INSERT INTO tech_and_skills (tech_skill_id, tech_skill_name) VALUES ('9554d58f-80b1-45be-9ad9-895f79275b43', 'twilio');
INSERT INTO tech_and_skills (tech_skill_id, tech_skill_name) VALUES ('6e11c586-6a43-4c5e-a798-ad2dfa370a04', 'microservices');
INSERT INTO tech_and_skills (tech_skill_id, tech_skill_name) VALUES ('32715d83-f5dd-4375-b006-51aee123a5b2', 'keycloak');
INSERT INTO tech_and_skills (tech_skill_id, tech_skill_name) VALUES ('c30092bb-b428-4a17-8560-a5d9b14edb4a', 'rx-java');
INSERT INTO tech_and_skills (tech_skill_id, tech_skill_name) VALUES ('2ae43986-db7c-40e6-9111-d832de5ca594', 'vaadin');
INSERT INTO tech_and_skills (tech_skill_id, tech_skill_name) VALUES ('87b87155-aa3d-44ed-8676-9d16f6e306bf', 'hql');
INSERT INTO tech_and_skills (tech_skill_id, tech_skill_name) VALUES ('1b1c96e2-061a-4d31-9521-73841513a6da', 'h2');
INSERT INTO tech_and_skills (tech_skill_id, tech_skill_name) VALUES ('8173d59b-de9b-4a8e-8100-6c945a989113', 'swagger-ui');
INSERT INTO tech_and_skills (tech_skill_id, tech_skill_name) VALUES ('33434310-d5c7-4e48-b4f6-dc93def4d43b', 'stack-overflow');
INSERT INTO tech_and_skills (tech_skill_id, tech_skill_name) VALUES ('a6c58d42-97b1-4f16-b889-5ca397f6bc5b', 'liquibase');
INSERT INTO tech_and_skills (tech_skill_id, tech_skill_name) VALUES ('f8e3230a-5077-4c1a-9587-90c1909990e3', 'psql');
INSERT INTO tech_and_skills (tech_skill_id, tech_skill_name) VALUES ('70eeca68-7861-4dd4-8308-91c7971f0f9f', 'struts');
INSERT INTO tech_and_skills (tech_skill_id, tech_skill_name) VALUES ('c3e1ef25-5e88-419e-a2d0-cdfe59a98027', 'git-bash');
INSERT INTO tech_and_skills (tech_skill_id, tech_skill_name) VALUES ('cc78b759-183c-4664-b9d2-9c05d8317952', 'sqlplus');
INSERT INTO tech_and_skills (tech_skill_id, tech_skill_name) VALUES ('c80bffc3-4ee7-4cc2-8a0f-856b1f6fd9ba', 'slf4j');
INSERT INTO tech_and_skills (tech_skill_id, tech_skill_name) VALUES ('b6057da9-3df4-4ea0-96fa-fa28d6aaf56d', 'javadoc');
INSERT INTO tech_and_skills (tech_skill_id, tech_skill_name) VALUES ('56ecbc3c-dce3-41b4-abe1-7b50819344ef', 'chai');
INSERT INTO tech_and_skills (tech_skill_id, tech_skill_name) VALUES ('9d160290-31ab-42d6-9de2-bc86fd3a6828', 'jooq');
INSERT INTO tech_and_skills (tech_skill_id, tech_skill_name) VALUES ('6d65949c-92e9-49ac-a4f8-18c78b963ea3', 'lombok');
INSERT INTO tech_and_skills (tech_skill_id, tech_skill_name) VALUES ('cfd2faf0-4afa-4e59-a367-a413c42f11da', 'spock');
INSERT INTO tech_and_skills (tech_skill_id, tech_skill_name) VALUES ('2a7eab5e-285c-4b5d-8d66-54db725f2328', 'splunk');
INSERT INTO tech_and_skills (tech_skill_id, tech_skill_name) VALUES ('91da35ce-82e0-41c1-8c30-49800beb2c89', 'flyway');
INSERT INTO tech_and_skills (tech_skill_id, tech_skill_name) VALUES ('8ee90026-0e2b-4f05-9852-0ec850922b91', 'reactive');
INSERT INTO tech_and_skills (tech_skill_id, tech_skill_name) VALUES ('44484be0-bc52-4ba6-9cea-f46659900e75', 'kql');
INSERT INTO tech_and_skills (tech_skill_id, tech_skill_name) VALUES ('c780d31c-558d-454c-8570-852f124adeda', 'serversocket');
INSERT INTO tech_and_skills (tech_skill_id, tech_skill_name) VALUES ('710c3d3d-0744-447d-89fa-121e730b466c', 'micronaut');
INSERT INTO tech_and_skills (tech_skill_id, tech_skill_name) VALUES ('e6947529-f773-4614-8d58-b59b16850660', 'mapstruct');
INSERT INTO tech_and_skills (tech_skill_id, tech_skill_name) VALUES ('1e071210-471b-4595-b7ee-fb46d409e9c4', 'kafka');


DELETE FROM employment;
INSERT INTO employment (employment_id, employment_name, employment_description, employment_start, employment_end, worker) VALUES ('c1719577-5e78-4134-a0de-e7cbb13357cc', '375 CSPTS', 'This was an assignment as an enlisted airman in the 375th Communications Support Squadron, and is a bit atypical compared to other tech jobs. Although the primary duties included the technologies listed additional duties included things ranging from performing military honors at funerals to tech support helpdesk, to convoy duty in Afghanistan', '2004-11-01', '2011-05-01', 'd40109cf-967c-45d8-a0eb-f3fbbd8f8471');
INSERT INTO employment (employment_id, employment_name, employment_description, employment_start, employment_end, worker) VALUES ('d54264b2-1900-49b2-acfa-d4da622b1600', 'SAIC', 'Contracted position with the US Transportation Command working on the AT21 program.', '2013-05-01', '2014-07-01', 'd40109cf-967c-45d8-a0eb-f3fbbd8f8471');
INSERT INTO employment (employment_id, employment_name, employment_description, employment_start, employment_end, worker) VALUES ('3ec7c796-efba-4a9d-8950-a05758a9a17f', 'Wellpoint', 'Short-term position working with a health insurance company on API services for their mobile app', '2014-08-01', '2015-02-01', 'd40109cf-967c-45d8-a0eb-f3fbbd8f8471');
INSERT INTO employment (employment_id, employment_name, employment_description, employment_start, employment_end, worker) VALUES ('4569faa0-163f-4360-bcf5-c17c340829f1', 'Object Computing Inc', 'Microservices engineer with the Grails, Groovy, and Micronaut team with a variety of in-house projects and assignments with client companies.', '2015-03-01', '2023-07-01', 'd40109cf-967c-45d8-a0eb-f3fbbd8f8471');
INSERT INTO employment (employment_id, employment_name, employment_description, employment_start, employment_end, worker) VALUES ('3b510196-a61f-4f1d-a647-714d771e2a9d', 'Mastercard', 'Contracted position with Mastercard''s loyalty benefits program', '2023-12-01', null, 'd40109cf-967c-45d8-a0eb-f3fbbd8f8471');

DELETE FROM education;
INSERT INTO education (education_id, institution_name, program, graduation_period, education_type, worker, start_date) VALUES ('e87083bb-acf2-40ec-8e63-dd716bf5a09d', 'McKendree University', 'Bachelors of Arts in Mathematics', '2013-05-01', 'd40109cf-967c-45d8-a0eb-f3fbbd8f8471', 'd40109cf-967c-45d8-a0eb-f3fbbd8f8471', '2011-07-01');
INSERT INTO education (education_id, institution_name, program, graduation_period, education_type, worker, start_date) VALUES ('506ebebd-0b61-4ed7-b939-70a6269ce927', 'McKendree University', 'Bachelors of Science in Computer Science', '2013-05-01', 'd40109cf-967c-45d8-a0eb-f3fbbd8f8471', 'd40109cf-967c-45d8-a0eb-f3fbbd8f8471', '2004-07-01');

DELETE FROM project;
INSERT INTO project (project_id, project_name, project_description, project_start, project_end, project_relation, project_relation_type) VALUES ('5c2ffd47-2f2c-4c10-a24f-cd26775bab55', 'Media Activity Reporting System (MARS)', 'Tool used by 375 AMW Public Relations to document press releases', '2005-06-01', '2006-06-01', 'c1719577-5e78-4134-a0de-e7cbb13357cc', 2);
INSERT INTO project (project_id, project_name, project_description, project_start, project_end, project_relation, project_relation_type) VALUES ('d9c71b76-27ae-4560-b6bf-9e45c23b9aa9', 'Honor Guard Request Tracking Tool', 'Tool used by Scott AFB Honor Guard to task Honor Guard details', '2007-02-01', '2008-01-01', 'c1719577-5e78-4134-a0de-e7cbb13357cc', 2);
INSERT INTO project (project_id, project_name, project_description, project_start, project_end, project_relation, project_relation_type) VALUES ('5e1a7c76-27cb-44c3-9e77-a9863c2ade70', 'Honor Guard Request Tracking Tool redevelopment', 'Application of change requests and bugfixes to the Honor Guard Request Tracking Tool', '2009-01-01', '2009-04-01', 'c1719577-5e78-4134-a0de-e7cbb13357cc', 2);
INSERT INTO project (project_id, project_name, project_description, project_start, project_end, project_relation, project_relation_type) VALUES ('d8f0f6a8-1aaf-4e24-b168-b2e43a24c524', 'Optimize Delivery (OD)', 'Logistical tool used by the US Transportation Command as part of the AT21 transition', '2013-05-01', '2014-07-01', 'd54264b2-1900-49b2-acfa-d4da622b1600', 2);
INSERT INTO project (project_id, project_name, project_description, project_start, project_end, project_relation, project_relation_type) VALUES ('5d30c874-0a39-4316-be7e-ed6fa046f045', 'Wellpoint App Middle Tier', 'API middle tier for the company mobile app', '2014-08-01', '2015-02-01', '3ec7c796-efba-4a9d-8950-a05758a9a17f', 2);
INSERT INTO project (project_id, project_name, project_description, project_start, project_end, project_relation, project_relation_type) VALUES ('fbfed9a1-04d0-4e74-b604-a896efc5765c', 'Clearent Equipment Management', 'Web service tracking point-of-sale equipment (e.g. card readers)', '2015-03-01', '2015-09-01', '4569faa0-163f-4360-bcf5-c17c340829f1', 2);
INSERT INTO project (project_id, project_name, project_description, project_start, project_end, project_relation, project_relation_type) VALUES ('13186265-d7c1-440f-b41e-1768976154ff', 'PDL Tool', 'Internal product used by Professional Development Leads within OCI', '2016-09-01', '2016-12-01', '4569faa0-163f-4360-bcf5-c17c340829f1', 2);
INSERT INTO project (project_id, project_name, project_description, project_start, project_end, project_relation, project_relation_type) VALUES ('109c556c-3543-4988-8458-34d7d5dce89a', 'Embedded Diagnostic Software', 'Embedded software used in medical diagnostic equipment by bioMérieux.', '2019-08-01', '2020-04-01', '4569faa0-163f-4360-bcf5-c17c340829f1', 2);
INSERT INTO project (project_id, project_name, project_description, project_start, project_end, project_relation, project_relation_type) VALUES ('e16b7b9a-8de9-4e87-9014-746ff8e03584', 'Mainstreet Payments', 'Payment processing web API', '2021-07-01', '2023-07-01', '4569faa0-163f-4360-bcf5-c17c340829f1', 2);
INSERT INTO project (project_id, project_name, project_description, project_start, project_end, project_relation, project_relation_type) VALUES ('0f3c76d5-3ec1-4cc6-93bd-07ed48832e9c', 'Loyalty Benefits', 'Web service APIs for tracking customer benefits', '2023-12-01', null, '3b510196-a61f-4f1d-a647-714d771e2a9d', 2);
INSERT INTO project (project_id, project_name, project_description, project_start, project_end, project_relation, project_relation_type) VALUES ('0df30516-0807-45d3-85b1-6489cf3a0760', 'OPES', 'Web services supporting a blockchain.', '2015-09-01', '2016-09-01', '4569faa0-163f-4360-bcf5-c17c340829f1', 2);
INSERT INTO project (project_id, project_name, project_description, project_start, project_end, project_relation, project_relation_type) VALUES ('1ee8d08d-25ab-4a71-bf80-17a3201263d8', 'Tech Resume', 'Tool for displaying a tech worker''s experience, education, and skills. It is the service by which you are reading this.', '2023-11-01', null, 'd40109cf-967c-45d8-a0eb-f3fbbd8f8471', 0);


DELETE FROM tech_and_skills_relation;
INSERT INTO public.tech_and_skills_relation (tech_skill_relation_id, tech_skill_id, relation_id, relation_type) VALUES ('9e936272-6e4e-42d1-a252-daee819f1fcf', '957a25ff-4221-41be-9c56-928b7c669dd1', 'c1719577-5e78-4134-a0de-e7cbb13357cc', 2);
INSERT INTO public.tech_and_skills_relation (tech_skill_relation_id, tech_skill_id, relation_id, relation_type) VALUES ('f6532411-240d-4455-a028-99e306d5d943', '01c6d128-6164-4e6c-9911-730f89b13d90', 'c1719577-5e78-4134-a0de-e7cbb13357cc', 2);
INSERT INTO public.tech_and_skills_relation (tech_skill_relation_id, tech_skill_id, relation_id, relation_type) VALUES ('a92f1dcd-e339-4345-9f92-bd476c3f59aa', 'a9f25ab0-a792-45b9-872a-99d50e5bea3b', 'c1719577-5e78-4134-a0de-e7cbb13357cc', 2);
INSERT INTO public.tech_and_skills_relation (tech_skill_relation_id, tech_skill_id, relation_id, relation_type) VALUES ('f0c55306-b465-49ea-aaac-e66d97fe9280', '2a769e26-9f42-41c1-8ad9-560e35355b94', 'c1719577-5e78-4134-a0de-e7cbb13357cc', 2);
INSERT INTO public.tech_and_skills_relation (tech_skill_relation_id, tech_skill_id, relation_id, relation_type) VALUES ('81564a6c-1127-4c28-bfb6-2828084b8f52', '54e56d5b-5544-4c13-8a65-45435fa93729', 'c1719577-5e78-4134-a0de-e7cbb13357cc', 2);
INSERT INTO public.tech_and_skills_relation (tech_skill_relation_id, tech_skill_id, relation_id, relation_type) VALUES ('e2bfa9ca-48ee-4445-bae7-fce9607cd943', '6c551e2c-183d-4647-bacc-7bfd5642e3ca', 'c1719577-5e78-4134-a0de-e7cbb13357cc', 2);
INSERT INTO public.tech_and_skills_relation (tech_skill_relation_id, tech_skill_id, relation_id, relation_type) VALUES ('9d24a199-f24c-435e-91b1-995c61c48118', '70eeca68-7861-4dd4-8308-91c7971f0f9f', 'c1719577-5e78-4134-a0de-e7cbb13357cc', 2);
INSERT INTO public.tech_and_skills_relation (tech_skill_relation_id, tech_skill_id, relation_id, relation_type) VALUES ('6607b956-ecbb-47e9-88d7-09367ae3d4de', '01c6d128-6164-4e6c-9911-730f89b13d90', 'd54264b2-1900-49b2-acfa-d4da622b1600', 2);
INSERT INTO public.tech_and_skills_relation (tech_skill_relation_id, tech_skill_id, relation_id, relation_type) VALUES ('b5a419ab-f708-4b39-9278-93eeb098bfcb', '01c6d128-6164-4e6c-9911-730f89b13d90', '3ec7c796-efba-4a9d-8950-a05758a9a17f', 2);
INSERT INTO public.tech_and_skills_relation (tech_skill_relation_id, tech_skill_id, relation_id, relation_type) VALUES ('843dc59f-f6e3-464e-8ce4-65c905ee262e', '9556b35a-eaad-4ac5-ab35-dd48a45b773e', '3ec7c796-efba-4a9d-8950-a05758a9a17f', 2);
INSERT INTO public.tech_and_skills_relation (tech_skill_relation_id, tech_skill_id, relation_id, relation_type) VALUES ('632a7825-0336-4682-a7b2-ad0c31b72a1e', 'c9a1971a-87fc-446e-9eaf-ee26c0ad6d52', '3ec7c796-efba-4a9d-8950-a05758a9a17f', 2);
INSERT INTO public.tech_and_skills_relation (tech_skill_relation_id, tech_skill_id, relation_id, relation_type) VALUES ('53ee9951-31c8-4aca-a8b1-121b25af9ddd', '6e11c586-6a43-4c5e-a798-ad2dfa370a04', '3ec7c796-efba-4a9d-8950-a05758a9a17f', 2);
INSERT INTO public.tech_and_skills_relation (tech_skill_relation_id, tech_skill_id, relation_id, relation_type) VALUES ('7a43c94b-4303-4e29-b8df-1b12fd3c640c', '01c6d128-6164-4e6c-9911-730f89b13d90', '4569faa0-163f-4360-bcf5-c17c340829f1', 2);
INSERT INTO public.tech_and_skills_relation (tech_skill_relation_id, tech_skill_id, relation_id, relation_type) VALUES ('061ac438-400d-4291-926a-207edb710863', '0e837a6f-48ff-43a1-8afc-f102054be058', '4569faa0-163f-4360-bcf5-c17c340829f1', 2);
INSERT INTO public.tech_and_skills_relation (tech_skill_relation_id, tech_skill_id, relation_id, relation_type) VALUES ('c072e962-1354-4dde-91af-9aaeef414603', '6e11c586-6a43-4c5e-a798-ad2dfa370a04', '4569faa0-163f-4360-bcf5-c17c340829f1', 2);
INSERT INTO public.tech_and_skills_relation (tech_skill_relation_id, tech_skill_id, relation_id, relation_type) VALUES ('16470b2e-35f8-4ccf-ac66-c317551622b1', 'cfd2faf0-4afa-4e59-a367-a413c42f11da', '4569faa0-163f-4360-bcf5-c17c340829f1', 2);
INSERT INTO public.tech_and_skills_relation (tech_skill_relation_id, tech_skill_id, relation_id, relation_type) VALUES ('c9bb4a76-2cb7-41c4-b56b-3bd6ec4af8dd', '710c3d3d-0744-447d-89fa-121e730b466c', '4569faa0-163f-4360-bcf5-c17c340829f1', 2);
INSERT INTO public.tech_and_skills_relation (tech_skill_relation_id, tech_skill_id, relation_id, relation_type) VALUES ('fe93a94c-81ff-4326-a1b3-e4611201fe75', '01c6d128-6164-4e6c-9911-730f89b13d90', '3b510196-a61f-4f1d-a647-714d771e2a9d', 2);
INSERT INTO public.tech_and_skills_relation (tech_skill_relation_id, tech_skill_id, relation_id, relation_type) VALUES ('41fdb571-9cea-41c1-b744-d11c6a989445', '9556b35a-eaad-4ac5-ab35-dd48a45b773e', '3b510196-a61f-4f1d-a647-714d771e2a9d', 2);
INSERT INTO public.tech_and_skills_relation (tech_skill_relation_id, tech_skill_id, relation_id, relation_type) VALUES ('05e92c5d-35d3-4705-a6eb-d95befb71dcd', 'c9a1971a-87fc-446e-9eaf-ee26c0ad6d52', '3b510196-a61f-4f1d-a647-714d771e2a9d', 2);
INSERT INTO public.tech_and_skills_relation (tech_skill_relation_id, tech_skill_id, relation_id, relation_type) VALUES ('9ef734c6-9257-4347-86aa-217289ffe064', '6e11c586-6a43-4c5e-a798-ad2dfa370a04', '3b510196-a61f-4f1d-a647-714d771e2a9d', 2);
INSERT INTO public.tech_and_skills_relation (tech_skill_relation_id, tech_skill_id, relation_id, relation_type) VALUES ('6572d98b-42e9-4f89-9691-bf4676de4d9a', 'dce296b4-1109-4352-9e7c-0d0d660f5ee6', '5c2ffd47-2f2c-4c10-a24f-cd26775bab55', 3);
INSERT INTO public.tech_and_skills_relation (tech_skill_relation_id, tech_skill_id, relation_id, relation_type) VALUES ('a4f50c14-d4a3-4641-917f-01837970f472', '957a25ff-4221-41be-9c56-928b7c669dd1', '5c2ffd47-2f2c-4c10-a24f-cd26775bab55', 3);
INSERT INTO public.tech_and_skills_relation (tech_skill_relation_id, tech_skill_id, relation_id, relation_type) VALUES ('c3750d63-baf9-4ce4-ab7b-df4262e7f696', 'a9f25ab0-a792-45b9-872a-99d50e5bea3b', '5c2ffd47-2f2c-4c10-a24f-cd26775bab55', 3);
INSERT INTO public.tech_and_skills_relation (tech_skill_relation_id, tech_skill_id, relation_id, relation_type) VALUES ('4f4c94d4-78d7-4adf-8f38-b42bf398cc56', '6c551e2c-183d-4647-bacc-7bfd5642e3ca', '5c2ffd47-2f2c-4c10-a24f-cd26775bab55', 3);
INSERT INTO public.tech_and_skills_relation (tech_skill_relation_id, tech_skill_id, relation_id, relation_type) VALUES ('d0cddd6a-3083-4024-85c9-6d5a4695377d', 'dce296b4-1109-4352-9e7c-0d0d660f5ee6', 'd9c71b76-27ae-4560-b6bf-9e45c23b9aa9', 3);
INSERT INTO public.tech_and_skills_relation (tech_skill_relation_id, tech_skill_id, relation_id, relation_type) VALUES ('1fff7815-f151-417e-9c96-c5b4b8091507', '957a25ff-4221-41be-9c56-928b7c669dd1', 'd9c71b76-27ae-4560-b6bf-9e45c23b9aa9', 3);
INSERT INTO public.tech_and_skills_relation (tech_skill_relation_id, tech_skill_id, relation_id, relation_type) VALUES ('50a65115-1dae-4a39-904e-7e369a2769a7', 'a9f25ab0-a792-45b9-872a-99d50e5bea3b', 'd9c71b76-27ae-4560-b6bf-9e45c23b9aa9', 3);
INSERT INTO public.tech_and_skills_relation (tech_skill_relation_id, tech_skill_id, relation_id, relation_type) VALUES ('5940f83a-7207-46b7-9989-89473481dc2e', '6c551e2c-183d-4647-bacc-7bfd5642e3ca', 'd9c71b76-27ae-4560-b6bf-9e45c23b9aa9', 3);
INSERT INTO public.tech_and_skills_relation (tech_skill_relation_id, tech_skill_id, relation_id, relation_type) VALUES ('d331fed2-0e28-41d1-9824-1f743ff40c1d', 'dce296b4-1109-4352-9e7c-0d0d660f5ee6', '5e1a7c76-27cb-44c3-9e77-a9863c2ade70', 3);
INSERT INTO public.tech_and_skills_relation (tech_skill_relation_id, tech_skill_id, relation_id, relation_type) VALUES ('d8ad156e-3b17-438f-9ffc-ab6fb2e507be', '957a25ff-4221-41be-9c56-928b7c669dd1', '5e1a7c76-27cb-44c3-9e77-a9863c2ade70', 3);
INSERT INTO public.tech_and_skills_relation (tech_skill_relation_id, tech_skill_id, relation_id, relation_type) VALUES ('b3622013-3f93-4ec3-b34c-152a4c354c5e', 'a9f25ab0-a792-45b9-872a-99d50e5bea3b', '5e1a7c76-27cb-44c3-9e77-a9863c2ade70', 3);
INSERT INTO public.tech_and_skills_relation (tech_skill_relation_id, tech_skill_id, relation_id, relation_type) VALUES ('8d9eb1cd-d741-4fa4-9b9b-c4b029603ead', '6c551e2c-183d-4647-bacc-7bfd5642e3ca', '5e1a7c76-27cb-44c3-9e77-a9863c2ade70', 3);
INSERT INTO public.tech_and_skills_relation (tech_skill_relation_id, tech_skill_id, relation_id, relation_type) VALUES ('4ae54c41-6ffd-4f10-8bbc-8f533c6854ac', '01c6d128-6164-4e6c-9911-730f89b13d90', 'd8f0f6a8-1aaf-4e24-b168-b2e43a24c524', 3);
INSERT INTO public.tech_and_skills_relation (tech_skill_relation_id, tech_skill_id, relation_id, relation_type) VALUES ('edecb71b-8c16-4754-b49e-a2aa7640e726', '2a769e26-9f42-41c1-8ad9-560e35355b94', 'd8f0f6a8-1aaf-4e24-b168-b2e43a24c524', 3);
INSERT INTO public.tech_and_skills_relation (tech_skill_relation_id, tech_skill_id, relation_id, relation_type) VALUES ('4b73fe67-bb67-49ef-9713-fe10c38432de', '5e80fd50-1a76-4bae-a413-646d1d230773', 'd8f0f6a8-1aaf-4e24-b168-b2e43a24c524', 3);
INSERT INTO public.tech_and_skills_relation (tech_skill_relation_id, tech_skill_id, relation_id, relation_type) VALUES ('f0287d6a-9d5b-49b4-bd4e-81077227d312', 'f1640edc-a1d9-4490-a88f-e1052b1a46ed', 'd8f0f6a8-1aaf-4e24-b168-b2e43a24c524', 3);
INSERT INTO public.tech_and_skills_relation (tech_skill_relation_id, tech_skill_id, relation_id, relation_type) VALUES ('fef67ee5-6d37-4f37-8ffc-78e1d1897750', 'd910443f-acf9-4c6d-8675-ad734b9877f8', 'd8f0f6a8-1aaf-4e24-b168-b2e43a24c524', 3);
INSERT INTO public.tech_and_skills_relation (tech_skill_relation_id, tech_skill_id, relation_id, relation_type) VALUES ('f6e270d2-7139-4f2e-99bc-807e7c18129b', '2971b342-0021-44cc-8027-70b752f35f16', 'd8f0f6a8-1aaf-4e24-b168-b2e43a24c524', 3);
INSERT INTO public.tech_and_skills_relation (tech_skill_relation_id, tech_skill_id, relation_id, relation_type) VALUES ('cd386b30-4c3a-42d1-9224-6bc5b39ba6a7', '2ae43986-db7c-40e6-9111-d832de5ca594', 'd8f0f6a8-1aaf-4e24-b168-b2e43a24c524', 3);
INSERT INTO public.tech_and_skills_relation (tech_skill_relation_id, tech_skill_id, relation_id, relation_type) VALUES ('506c77c2-c333-41b1-aba9-e776f91567c2', '01c6d128-6164-4e6c-9911-730f89b13d90', '5d30c874-0a39-4316-be7e-ed6fa046f045', 3);
INSERT INTO public.tech_and_skills_relation (tech_skill_relation_id, tech_skill_id, relation_id, relation_type) VALUES ('96e14bd6-aef1-4527-94da-9266ca730863', '9556b35a-eaad-4ac5-ab35-dd48a45b773e', '5d30c874-0a39-4316-be7e-ed6fa046f045', 3);
INSERT INTO public.tech_and_skills_relation (tech_skill_relation_id, tech_skill_id, relation_id, relation_type) VALUES ('f2a01098-45f3-41c3-956c-71da8e9827ba', 'c9a1971a-87fc-446e-9eaf-ee26c0ad6d52', '5d30c874-0a39-4316-be7e-ed6fa046f045', 3);
INSERT INTO public.tech_and_skills_relation (tech_skill_relation_id, tech_skill_id, relation_id, relation_type) VALUES ('201d5256-08bc-4307-98ab-7a76f91d8007', '5e80fd50-1a76-4bae-a413-646d1d230773', '5d30c874-0a39-4316-be7e-ed6fa046f045', 3);
INSERT INTO public.tech_and_skills_relation (tech_skill_relation_id, tech_skill_id, relation_id, relation_type) VALUES ('8e57b527-3726-4b74-8f42-5b59cf89fedc', '45107720-be25-4e77-940f-da5a99509a7b', '5d30c874-0a39-4316-be7e-ed6fa046f045', 3);
INSERT INTO public.tech_and_skills_relation (tech_skill_relation_id, tech_skill_id, relation_id, relation_type) VALUES ('04cbbd49-7b2c-41c7-92ef-b0ea851844eb', 'd910443f-acf9-4c6d-8675-ad734b9877f8', '5d30c874-0a39-4316-be7e-ed6fa046f045', 3);
INSERT INTO public.tech_and_skills_relation (tech_skill_relation_id, tech_skill_id, relation_id, relation_type) VALUES ('b6d35f18-6e2c-44b8-a332-cb62addf7722', '2971b342-0021-44cc-8027-70b752f35f16', '5d30c874-0a39-4316-be7e-ed6fa046f045', 3);
INSERT INTO public.tech_and_skills_relation (tech_skill_relation_id, tech_skill_id, relation_id, relation_type) VALUES ('bcd57828-9b0e-4889-a9b9-9266ae410fbf', '01c6d128-6164-4e6c-9911-730f89b13d90', 'fbfed9a1-04d0-4e74-b604-a896efc5765c', 3);
INSERT INTO public.tech_and_skills_relation (tech_skill_relation_id, tech_skill_id, relation_id, relation_type) VALUES ('b5f41147-44b2-402b-a58f-9fa295d9f9a0', '9556b35a-eaad-4ac5-ab35-dd48a45b773e', 'fbfed9a1-04d0-4e74-b604-a896efc5765c', 3);
INSERT INTO public.tech_and_skills_relation (tech_skill_relation_id, tech_skill_id, relation_id, relation_type) VALUES ('4c41d1b7-d474-49e2-b555-aff6da6c5cc6', 'c9a1971a-87fc-446e-9eaf-ee26c0ad6d52', 'fbfed9a1-04d0-4e74-b604-a896efc5765c', 3);
INSERT INTO public.tech_and_skills_relation (tech_skill_relation_id, tech_skill_id, relation_id, relation_type) VALUES ('72a9297f-8bff-43cc-be97-9d1f1f5767fc', '5e80fd50-1a76-4bae-a413-646d1d230773', 'fbfed9a1-04d0-4e74-b604-a896efc5765c', 3);
INSERT INTO public.tech_and_skills_relation (tech_skill_relation_id, tech_skill_id, relation_id, relation_type) VALUES ('6daf1448-c166-4b94-be5c-c05151f5751e', '45107720-be25-4e77-940f-da5a99509a7b', 'fbfed9a1-04d0-4e74-b604-a896efc5765c', 3);
INSERT INTO public.tech_and_skills_relation (tech_skill_relation_id, tech_skill_id, relation_id, relation_type) VALUES ('f2c97d3e-7492-4c6a-b778-6e339e91caa7', 'd910443f-acf9-4c6d-8675-ad734b9877f8', 'fbfed9a1-04d0-4e74-b604-a896efc5765c', 3);
INSERT INTO public.tech_and_skills_relation (tech_skill_relation_id, tech_skill_id, relation_id, relation_type) VALUES ('d0e8b410-1834-4d54-a7fa-b4da730b9d29', 'cd0fc505-4b9f-4d8b-8bf3-3e3b451af35d', 'fbfed9a1-04d0-4e74-b604-a896efc5765c', 3);
INSERT INTO public.tech_and_skills_relation (tech_skill_relation_id, tech_skill_id, relation_id, relation_type) VALUES ('dad4eca0-8eb5-41a0-8788-576468cc0a22', '2971b342-0021-44cc-8027-70b752f35f16', 'fbfed9a1-04d0-4e74-b604-a896efc5765c', 3);
INSERT INTO public.tech_and_skills_relation (tech_skill_relation_id, tech_skill_id, relation_id, relation_type) VALUES ('6e51d512-c505-4170-b6f2-d9a550ec8037', '6e11c586-6a43-4c5e-a798-ad2dfa370a04', 'fbfed9a1-04d0-4e74-b604-a896efc5765c', 3);
INSERT INTO public.tech_and_skills_relation (tech_skill_relation_id, tech_skill_id, relation_id, relation_type) VALUES ('f955fe44-f1d7-412f-9d6e-5e530beb060a', '957a25ff-4221-41be-9c56-928b7c669dd1', '13186265-d7c1-440f-b41e-1768976154ff', 3);
INSERT INTO public.tech_and_skills_relation (tech_skill_relation_id, tech_skill_id, relation_id, relation_type) VALUES ('c704f4ad-564b-4c79-ac38-2b5ebbfeb19e', '01c6d128-6164-4e6c-9911-730f89b13d90', '13186265-d7c1-440f-b41e-1768976154ff', 3);
INSERT INTO public.tech_and_skills_relation (tech_skill_relation_id, tech_skill_id, relation_id, relation_type) VALUES ('d5fec37c-5e2c-4737-b4a9-32bc0a240811', 'fee4e000-9ea2-4916-8b59-7b57c1376105', '13186265-d7c1-440f-b41e-1768976154ff', 3);
INSERT INTO public.tech_and_skills_relation (tech_skill_relation_id, tech_skill_id, relation_id, relation_type) VALUES ('63f25fde-9c3c-40f8-8ae2-9a66863ad066', '2a769e26-9f42-41c1-8ad9-560e35355b94', '13186265-d7c1-440f-b41e-1768976154ff', 3);
INSERT INTO public.tech_and_skills_relation (tech_skill_relation_id, tech_skill_id, relation_id, relation_type) VALUES ('6659a274-8093-468d-89e7-fb7ae958a1aa', 'a903f17c-9fa1-4b9e-b48a-5e75b2bbd61d', '13186265-d7c1-440f-b41e-1768976154ff', 3);
INSERT INTO public.tech_and_skills_relation (tech_skill_relation_id, tech_skill_id, relation_id, relation_type) VALUES ('aeca7c86-d78f-4e60-96c0-332c07412a89', '5e80fd50-1a76-4bae-a413-646d1d230773', '13186265-d7c1-440f-b41e-1768976154ff', 3);
INSERT INTO public.tech_and_skills_relation (tech_skill_relation_id, tech_skill_id, relation_id, relation_type) VALUES ('df563688-02aa-4527-b08f-e76293911088', '45107720-be25-4e77-940f-da5a99509a7b', '13186265-d7c1-440f-b41e-1768976154ff', 3);
INSERT INTO public.tech_and_skills_relation (tech_skill_relation_id, tech_skill_id, relation_id, relation_type) VALUES ('b231d27f-e91a-413b-9cf0-c0d8e7d4ba75', 'f1640edc-a1d9-4490-a88f-e1052b1a46ed', '13186265-d7c1-440f-b41e-1768976154ff', 3);
INSERT INTO public.tech_and_skills_relation (tech_skill_relation_id, tech_skill_id, relation_id, relation_type) VALUES ('15463e94-1d73-4966-9a9c-3b82d5d94e78', '0e837a6f-48ff-43a1-8afc-f102054be058', '13186265-d7c1-440f-b41e-1768976154ff', 3);
INSERT INTO public.tech_and_skills_relation (tech_skill_relation_id, tech_skill_id, relation_id, relation_type) VALUES ('f7d4eb11-7f1d-4c44-87ad-388d658ed525', 'cfd2faf0-4afa-4e59-a367-a413c42f11da', '13186265-d7c1-440f-b41e-1768976154ff', 3);
INSERT INTO public.tech_and_skills_relation (tech_skill_relation_id, tech_skill_id, relation_id, relation_type) VALUES ('a01d85ff-398c-4090-8a90-ced2cbcbf1bc', '91da35ce-82e0-41c1-8c30-49800beb2c89', '13186265-d7c1-440f-b41e-1768976154ff', 3);
INSERT INTO public.tech_and_skills_relation (tech_skill_relation_id, tech_skill_id, relation_id, relation_type) VALUES ('7ec50efc-dd00-4d92-ae43-e4c5e8e8e89f', '710c3d3d-0744-447d-89fa-121e730b466c', '13186265-d7c1-440f-b41e-1768976154ff', 3);
INSERT INTO public.tech_and_skills_relation (tech_skill_relation_id, tech_skill_id, relation_id, relation_type) VALUES ('2dc6dbbc-a72b-4465-979c-91e687b5de16', '01c6d128-6164-4e6c-9911-730f89b13d90', '109c556c-3543-4988-8458-34d7d5dce89a', 3);
INSERT INTO public.tech_and_skills_relation (tech_skill_relation_id, tech_skill_id, relation_id, relation_type) VALUES ('2693854e-c598-4f49-b52c-ed11a7ab822b', '5e80fd50-1a76-4bae-a413-646d1d230773', '109c556c-3543-4988-8458-34d7d5dce89a', 3);
INSERT INTO public.tech_and_skills_relation (tech_skill_relation_id, tech_skill_id, relation_id, relation_type) VALUES ('d39e156a-5df5-4cf1-bddc-0f913b3fa279', '97b0e75f-58b5-4554-9d56-273e289ffde2', '109c556c-3543-4988-8458-34d7d5dce89a', 3);
INSERT INTO public.tech_and_skills_relation (tech_skill_relation_id, tech_skill_id, relation_id, relation_type) VALUES ('aa29bace-8526-4271-867c-7a0f4840beb8', '710c3d3d-0744-447d-89fa-121e730b466c', '109c556c-3543-4988-8458-34d7d5dce89a', 3);
INSERT INTO public.tech_and_skills_relation (tech_skill_relation_id, tech_skill_id, relation_id, relation_type) VALUES ('b467d014-1b8c-4f83-a26e-14c7dda98cb8', '01c6d128-6164-4e6c-9911-730f89b13d90', 'e16b7b9a-8de9-4e87-9014-746ff8e03584', 3);
INSERT INTO public.tech_and_skills_relation (tech_skill_relation_id, tech_skill_id, relation_id, relation_type) VALUES ('a1e7cfb0-c4d0-4be4-9063-9b5c2238144b', '21a325a7-50a2-4680-aa6f-12bc75daf458', 'e16b7b9a-8de9-4e87-9014-746ff8e03584', 3);
INSERT INTO public.tech_and_skills_relation (tech_skill_relation_id, tech_skill_id, relation_id, relation_type) VALUES ('2db50b63-4035-41c9-a289-6f85f12b56c5', '5e80fd50-1a76-4bae-a413-646d1d230773', 'e16b7b9a-8de9-4e87-9014-746ff8e03584', 3);
INSERT INTO public.tech_and_skills_relation (tech_skill_relation_id, tech_skill_id, relation_id, relation_type) VALUES ('8c20be87-4472-4d04-bd8b-97aa500e8ed0', '45107720-be25-4e77-940f-da5a99509a7b', 'e16b7b9a-8de9-4e87-9014-746ff8e03584', 3);
INSERT INTO public.tech_and_skills_relation (tech_skill_relation_id, tech_skill_id, relation_id, relation_type) VALUES ('01f4d134-0c38-4a45-973c-d55d02213c78', '6e11c586-6a43-4c5e-a798-ad2dfa370a04', 'e16b7b9a-8de9-4e87-9014-746ff8e03584', 3);
INSERT INTO public.tech_and_skills_relation (tech_skill_relation_id, tech_skill_id, relation_id, relation_type) VALUES ('697ca282-b61e-4440-b619-7568748c04b7', 'c30092bb-b428-4a17-8560-a5d9b14edb4a', 'e16b7b9a-8de9-4e87-9014-746ff8e03584', 3);
INSERT INTO public.tech_and_skills_relation (tech_skill_relation_id, tech_skill_id, relation_id, relation_type) VALUES ('cdd79b53-9aaa-44f6-a0c6-98ef43e3ae11', 'cfd2faf0-4afa-4e59-a367-a413c42f11da', 'e16b7b9a-8de9-4e87-9014-746ff8e03584', 3);
INSERT INTO public.tech_and_skills_relation (tech_skill_relation_id, tech_skill_id, relation_id, relation_type) VALUES ('577f09ae-21a4-4997-a9d5-4b386e4d54ed', '44484be0-bc52-4ba6-9cea-f46659900e75', 'e16b7b9a-8de9-4e87-9014-746ff8e03584', 3);
INSERT INTO public.tech_and_skills_relation (tech_skill_relation_id, tech_skill_id, relation_id, relation_type) VALUES ('e28f2e64-ee2b-4c02-bbb0-9cd38ba7957c', '710c3d3d-0744-447d-89fa-121e730b466c', 'e16b7b9a-8de9-4e87-9014-746ff8e03584', 3);
INSERT INTO public.tech_and_skills_relation (tech_skill_relation_id, tech_skill_id, relation_id, relation_type) VALUES ('8a8d82e7-2557-4a28-9459-6255634fda05', '1e071210-471b-4595-b7ee-fb46d409e9c4', 'e16b7b9a-8de9-4e87-9014-746ff8e03584', 3);

DELETE FROM worker_skill_estimate;
INSERT INTO public.worker_skill_estimate (worker_skill_estimate_id, worker, tech_skill_id, skill_days_estimate) VALUES ('208a5440-3a95-4f79-b364-9fb5fdf6d26a', 'd40109cf-967c-45d8-a0eb-f3fbbd8f8471', '0e837a6f-48ff-43a1-8afc-f102054be058', 3044);
INSERT INTO public.worker_skill_estimate (worker_skill_estimate_id, worker, tech_skill_id, skill_days_estimate) VALUES ('1c2c48fa-a0c1-4ca5-b715-2a325eff6b59', 'd40109cf-967c-45d8-a0eb-f3fbbd8f8471', '710c3d3d-0744-447d-89fa-121e730b466c', 3044);
INSERT INTO public.worker_skill_estimate (worker_skill_estimate_id, worker, tech_skill_id, skill_days_estimate) VALUES ('64767bc3-7f76-4b6e-83f3-ca2c0a077f08', 'd40109cf-967c-45d8-a0eb-f3fbbd8f8471', 'cfd2faf0-4afa-4e59-a367-a413c42f11da', 3044);
INSERT INTO public.worker_skill_estimate (worker_skill_estimate_id, worker, tech_skill_id, skill_days_estimate) VALUES ('040b1880-cb3a-490b-9272-a6a3ebc292cd', 'd40109cf-967c-45d8-a0eb-f3fbbd8f8471', '01c6d128-6164-4e6c-9911-730f89b13d90', 6112);
INSERT INTO public.worker_skill_estimate (worker_skill_estimate_id, worker, tech_skill_id, skill_days_estimate) VALUES ('fd39e16e-b60e-48ff-8cf6-23a816769886', 'd40109cf-967c-45d8-a0eb-f3fbbd8f8471', '6e11c586-6a43-4c5e-a798-ad2dfa370a04', 3314);
INSERT INTO public.worker_skill_estimate (worker_skill_estimate_id, worker, tech_skill_id, skill_days_estimate) VALUES ('54bf9331-12ff-414e-a969-a7b011eb76ea', 'd40109cf-967c-45d8-a0eb-f3fbbd8f8471', 'dce296b4-1109-4352-9e7c-0d0d660f5ee6', 789);
INSERT INTO public.worker_skill_estimate (worker_skill_estimate_id, worker, tech_skill_id, skill_days_estimate) VALUES ('b266d31b-b84f-4442-8b7b-a34da69e0b92', 'd40109cf-967c-45d8-a0eb-f3fbbd8f8471', '2ae43986-db7c-40e6-9111-d832de5ca594', 426);
INSERT INTO public.worker_skill_estimate (worker_skill_estimate_id, worker, tech_skill_id, skill_days_estimate) VALUES ('401013c6-15a1-43df-9832-de9b2532f353', 'd40109cf-967c-45d8-a0eb-f3fbbd8f8471', '9556b35a-eaad-4ac5-ab35-dd48a45b773e', 454);
INSERT INTO public.worker_skill_estimate (worker_skill_estimate_id, worker, tech_skill_id, skill_days_estimate) VALUES ('3dfc568a-9b6b-41db-aba1-3d4e0b623b98', 'd40109cf-967c-45d8-a0eb-f3fbbd8f8471', 'c9a1971a-87fc-446e-9eaf-ee26c0ad6d52', 454);
INSERT INTO public.worker_skill_estimate (worker_skill_estimate_id, worker, tech_skill_id, skill_days_estimate) VALUES ('9b98d913-a910-4a3e-9e53-6076ed717dfb', 'd40109cf-967c-45d8-a0eb-f3fbbd8f8471', 'd910443f-acf9-4c6d-8675-ad734b9877f8', 794);
INSERT INTO public.worker_skill_estimate (worker_skill_estimate_id, worker, tech_skill_id, skill_days_estimate) VALUES ('db372c4d-fa16-41b9-9ba9-79e461ecdcf0', 'd40109cf-967c-45d8-a0eb-f3fbbd8f8471', '2971b342-0021-44cc-8027-70b752f35f16', 794);
INSERT INTO public.worker_skill_estimate (worker_skill_estimate_id, worker, tech_skill_id, skill_days_estimate) VALUES ('0cd1b6a7-509d-41d9-84d3-c97373a6e75c', 'd40109cf-967c-45d8-a0eb-f3fbbd8f8471', 'cd0fc505-4b9f-4d8b-8bf3-3e3b451af35d', 184);
INSERT INTO public.worker_skill_estimate (worker_skill_estimate_id, worker, tech_skill_id, skill_days_estimate) VALUES ('6b2c839a-3dbe-4818-84d9-5e114bb3d6e1', 'd40109cf-967c-45d8-a0eb-f3fbbd8f8471', 'a9f25ab0-a792-45b9-872a-99d50e5bea3b', 2372);
INSERT INTO public.worker_skill_estimate (worker_skill_estimate_id, worker, tech_skill_id, skill_days_estimate) VALUES ('a8ab0882-5436-4de4-bbe1-b1f43a16012b', 'd40109cf-967c-45d8-a0eb-f3fbbd8f8471', '54e56d5b-5544-4c13-8a65-45435fa93729', 2372);
INSERT INTO public.worker_skill_estimate (worker_skill_estimate_id, worker, tech_skill_id, skill_days_estimate) VALUES ('c4737142-3f4f-4571-ba1f-5232b4818629', 'd40109cf-967c-45d8-a0eb-f3fbbd8f8471', '70eeca68-7861-4dd4-8308-91c7971f0f9f', 2372);
INSERT INTO public.worker_skill_estimate (worker_skill_estimate_id, worker, tech_skill_id, skill_days_estimate) VALUES ('dbeb3a49-0c94-498f-9a74-2b1ef6c515bc', 'd40109cf-967c-45d8-a0eb-f3fbbd8f8471', '957a25ff-4221-41be-9c56-928b7c669dd1', 2463);
INSERT INTO public.worker_skill_estimate (worker_skill_estimate_id, worker, tech_skill_id, skill_days_estimate) VALUES ('dd43b7ec-5e14-4f23-964a-3c321054d6f6', 'd40109cf-967c-45d8-a0eb-f3fbbd8f8471', '6c551e2c-183d-4647-bacc-7bfd5642e3ca', 2372);
INSERT INTO public.worker_skill_estimate (worker_skill_estimate_id, worker, tech_skill_id, skill_days_estimate) VALUES ('5903765d-5c84-42a7-8910-06b67bfc5f36', 'd40109cf-967c-45d8-a0eb-f3fbbd8f8471', '2a769e26-9f42-41c1-8ad9-560e35355b94', 2889);
INSERT INTO public.worker_skill_estimate (worker_skill_estimate_id, worker, tech_skill_id, skill_days_estimate) VALUES ('f54d1477-ab60-47cd-97f5-692ee953a613', 'd40109cf-967c-45d8-a0eb-f3fbbd8f8471', 'f1640edc-a1d9-4490-a88f-e1052b1a46ed', 517);
INSERT INTO public.worker_skill_estimate (worker_skill_estimate_id, worker, tech_skill_id, skill_days_estimate) VALUES ('f7a72fb5-0ad3-44ea-931c-0ddddd1eb11a', 'd40109cf-967c-45d8-a0eb-f3fbbd8f8471', '91da35ce-82e0-41c1-8c30-49800beb2c89', 91);
INSERT INTO public.worker_skill_estimate (worker_skill_estimate_id, worker, tech_skill_id, skill_days_estimate) VALUES ('39942cca-c2c0-4f23-92f3-38a4d78d7a1e', 'd40109cf-967c-45d8-a0eb-f3fbbd8f8471', 'fee4e000-9ea2-4916-8b59-7b57c1376105', 91);
INSERT INTO public.worker_skill_estimate (worker_skill_estimate_id, worker, tech_skill_id, skill_days_estimate) VALUES ('d4a5bd5e-71fe-4069-8a6f-08b391f0d76d', 'd40109cf-967c-45d8-a0eb-f3fbbd8f8471', 'a903f17c-9fa1-4b9e-b48a-5e75b2bbd61d', 91);
INSERT INTO public.worker_skill_estimate (worker_skill_estimate_id, worker, tech_skill_id, skill_days_estimate) VALUES ('f1c0fed4-eaaf-4fec-a358-b37d91d5046e', 'd40109cf-967c-45d8-a0eb-f3fbbd8f8471', '97b0e75f-58b5-4554-9d56-273e289ffde2', 244);
INSERT INTO public.worker_skill_estimate (worker_skill_estimate_id, worker, tech_skill_id, skill_days_estimate) VALUES ('19039af2-8def-43a6-8794-7a2163d0770e', 'd40109cf-967c-45d8-a0eb-f3fbbd8f8471', '5e80fd50-1a76-4bae-a413-646d1d230773', 1859);
INSERT INTO public.worker_skill_estimate (worker_skill_estimate_id, worker, tech_skill_id, skill_days_estimate) VALUES ('1a6c0a1d-f491-4726-813e-ad7c02772554', 'd40109cf-967c-45d8-a0eb-f3fbbd8f8471', '45107720-be25-4e77-940f-da5a99509a7b', 1189);
INSERT INTO public.worker_skill_estimate (worker_skill_estimate_id, worker, tech_skill_id, skill_days_estimate) VALUES ('f13b3244-ee43-4abb-95e7-6efc99a3ae01', 'd40109cf-967c-45d8-a0eb-f3fbbd8f8471', '21a325a7-50a2-4680-aa6f-12bc75daf458', 730);
INSERT INTO public.worker_skill_estimate (worker_skill_estimate_id, worker, tech_skill_id, skill_days_estimate) VALUES ('83211a01-e34f-42b5-903d-f349a33c0d44', 'd40109cf-967c-45d8-a0eb-f3fbbd8f8471', '1e071210-471b-4595-b7ee-fb46d409e9c4', 730);
INSERT INTO public.worker_skill_estimate (worker_skill_estimate_id, worker, tech_skill_id, skill_days_estimate) VALUES ('e00ae1e5-cd36-49e8-8d0f-ea9bd8628ca9', 'd40109cf-967c-45d8-a0eb-f3fbbd8f8471', 'c30092bb-b428-4a17-8560-a5d9b14edb4a', 730);
INSERT INTO public.worker_skill_estimate (worker_skill_estimate_id, worker, tech_skill_id, skill_days_estimate) VALUES ('de865acf-1b45-4d1c-9561-e465e3bf37f5', 'd40109cf-967c-45d8-a0eb-f3fbbd8f8471', '44484be0-bc52-4ba6-9cea-f46659900e75', 730);
